;;;WT;del-2C-WT;dup-3B-WT;del-2C3B-WT;dup-3A-WT;dup-2C-WT;del-3B-WT;dup-2A-WT;del-3A-WT;dup-3A2-del2C-WT;variable
;;;0.7055;0.1534;0.0389;0.0389;0.0348;0.0092;0.0031;0.0010;0.0061;0.0020;0.0072
;;;;;;;;;;;;;
WT;0.7055;;0.4978;0.2164;0.0548;0.0548;0.0491;0.0130;0.0043;0.0014;0.0087;0.0029;0.0101
del-2C-WT;0.1534;;;0.0235;0.0119;0.0119;0.0107;0.0028;0.0009;0.0003;0.0019;0.0006;0.0022
dup-3B-WT;0.0389;;;;0.0015;0.0030;0.0027;0.0007;0.0002;0.0001;0.0005;0.0002;0.0006
del-2C3B-WT;0.0389;;;;;0.0015;0.0027;0.0007;0.0002;0.0001;0.0005;0.0002;0.0006
dup-3A-WT;0.0348;;;;;;0.0012;0.0006;0.0002;0.0001;0.0004;0.0001;0.0005
dup-2C-WT;0.0092;;;;;;;0.0001;0.0001;0.0000;0.0001;0.0000;0.0001
del-3B-WT;0.0031;;;;;;;;0.0000;0.0000;0.0000;0.0000;0.0000
dup-2A-WT;0.0010;;;;;;;;;0.0000;0.0000;0.0000;0.0000
del-3A-WT;0.0061;;;;;;;;;;0.0000;0.0000;0.0001
dup-3A2-del2C-WT;0.0020;;;;;;;;;;;0.0000;0.0000
variable;0.0072;;;;;;;;;;;;0.0001
;;;;;;;;;;;;;
;;;;;;;;;;;;;
;;;;;;;;;;;;;
;;;;;;;;;;;;;
;;;;;;;;;;;;;
;;;WT;del-2C-WT;dup-3B-WT;del-2C3B-WT;dup-3A-WT;dup-2C-WT;del-3B-WT;dup-2A-WT;del-3A-WT;dup-3A2-del2C-WT;variable
;;expected;243.40;105.83;26.81;26.81;23.99;6.35;2.12;0.71;4.23;1.41;4.94
;;;;11.50;5.83;5.83;5.21;1.38;0.46;0.15;0.92;0.31;1.07
;;;;;0.74;1.48;1.32;0.35;0.12;0.04;0.23;0.08;0.27
;;;;;;0.74;1.32;0.35;0.12;0.04;0.23;0.08;0.27
;;;;;;;0.00;0.00;0.00;0.00;0.00;0.00;0.00
;;;;;;;;0.00;0.00;0.00;0.00;0.00;0.00
;;;;;;;;;0.00;0.00;0.00;0.00;0.00
;;;;;;;;;;0.00;0.00;0.00;0.00
;;;;;;;;;;;0.00;0.00;0.00
;;;;;;;;;;;;0.00;0.00
;;;;;;;;;;;;;0.00
;;;;;;;;;;;;;
;;;;;;;;;;;;;
;;;;;;;;;;;;;
;;observed;251;112;26;26;17;3;2;1;1;0;0
;;;;11;6;4;2;0;0;0;4;0;0
;;;;;0;0;2;3;0;0;1;0;0
;;;;;;0;5;0;0;0;0;2;1
;;;;;;;2;3;1;0;0;0;0
;;;;;;;;0;0;0;0;0;0
;;;;;;;;;0;0;0;0;0
;;;;;;;;;;0;0;0;0
;;;;;;;;;;;0;0;0
;;;;;;;;;;;;0;0
;;;;;;;;;;;;;3
;;;;;;;;;;;;;
;;;;;;;;;;;;;
;;;;;;;;;;;;;
;;Observed vs. expected genotype count ratio (%);103.12%;105.83%;96.98%;96.98%;70.87%;47.25%;94.49%;141.74%;23.62%;0.00%;0.00%
;;;;95.63%;102.95%;68.63%;38.35%;0.00%;0.00%;0.00%;434.67%;0.00%;0.00%
;;;;;0.00%;0.00%;151.39%;857.89%;0.00%;0.00%;428.95%;0.00%;0.00%
;;;;;;0.00%;378.48%;0.00%;0.00%;0.00%;0.00%;2573.68%;367.67%
;;;;;;;80920532.18%;229274841.18%;229274841.18%;0.00%;0.00%;0.00%;0.00%
;;;;;;;;0.00%;0.00%;0.00%;0.00%;0.00%;0.00%
;;;;;;;;;0.00%;0.00%;0.00%;0.00%;0.00%
;;;;;;;;;;0.00%;0.00%;0.00%;0.00%
;;;;;;;;;;;0.00%;0.00%;0.00%
;;;;;;;;;;;;0.00%;0.00%
;;;;;;;;;;;;;2863595975.51%
;;;;;;;;;;;;;
;;;;;;;;;;;;;
;Chi-square (?ý) Sum;(O - E)ý / E;0.237;0.360;0.024;0.024;2.036;1.767;0.006;0.123;2.469;1.411;4.939
;;;;0.022;0.005;0.573;1.982;1.380;0.460;0.153;10.307;0.307;1.074
;;;;;0.738;1.476;0.349;20.087;0.117;0.039;2.523;0.078;0.272
;;;;;;0.738;10.245;0.350;0.117;0.039;0.233;47.551;1.949
;;;;;;;1 618 406.644;6 878 239.235;2 292 746.412;0.000;0.000;0.000;0.000
;;;;;;;;0.000;0.000;0.000;0.000;0.000;0.000
;;;;;;;;;0.000;0.000;0.000;0.000;0.000
;;;;;;;;;;0.000;0.000;0.000;0.000
;;;;;;;;;;;0.000;0.000;0.000
;;;;;;;;;;;;0.000;0.000
;;;;;;;;;;;;;85 907 873.265
