;;;;;;;;;;;;;
;;;;;;;;;;;;;
;Copy number Variation (CNV);;;;;;;;;;;;
Sample;FCGR2A;FCGR3A;FCGR2C;FCGR3B;FCGR2B;.;;;;;;;
RBG_001;2;2;2;2;2;.;WT;WT;;;;;
RBG_002;2;2;1;2;2;.;WT;del-2C-WT;;;;;
RBG_003;2;2;2;2;2;.;WT;WT;;;;;
RBG_004;2;2;2;2;2;.;WT;WT;;;;;
RBG_005;2;2;2;2;2;.;WT;WT;;;;;
RBG_006;2;2;1;2;2;.;WT;del-2C-WT;;;;;
RBG_007;2;2;2;2;2;.;WT;WT;;;;;
RBG_008;2;2;2;3;2;.;WT;dup-3B-WT;;;;;
RBG_009;3;2;2;2;2;.;WT;dup-2A-WT;;;;;
RBG_010;2;2;2;2;2;.;WT;WT;;;;;
RBG_011;2;2;2;2;2;.;WT;WT;;;;;
RBG_012;2;2;2;2;2;.;WT;WT;;;;;
RBG_013;2;2;2;2;2;.;WT;WT;;;;;
RBG_014;2;3;2;2;2;.;WT;dup-3A-WT;;;;;
RBG_015;2;2;3;2;2;.;WT;dup-2C-WT;;;;;
RBG_016;2;2;2;3;2;.;WT;dup-3B-WT;;;;;
RBG_017;2;2;1;1;2;.;WT;del-2C3B-WT;FCGR3B*0N.01;;;;
RBG_018;2;3;0;1;2;.;dup-3A-del2C-WT;del-2C3B-WT;FCGR3B*0N.01;;;;
RBG_019;2;2;2;2;2;.;WT;WT;;;;;
RBG_020;2;2;2;2;2;.;WT;WT;;;;;
RBG_021;2;2;1;2;2;.;WT;del-2C-WT;;;;;
RBG_022;2;2;1;2;2;.;WT;del-2C-WT;;;;;
RBG_023;2;2;2;2;2;.;WT;WT;;;;;
RBG_024;2;2;2;2;2;.;WT;WT;;;;;
RBG_025;2;2;2;2;2;.;WT;WT;;;;;
RBG_026;2;2;2;2;2;.;WT;WT;;;;;
RBG_027;2;2;1;2;2;.;WT;del-2C-WT;;;;;
RBG_028;2;2;1;1;2;.;WT;del-2C3B-WT;;;;;
RBG_029;2;2;2;3;2;.;WT;dup-3B-WT;;;;;
RBG_030;2;2;2;2;2;.;WT;WT;;;;;
RBG_031;2;2;0;2;2;.;del-2C-WT;del-2C-WT;;;;;
RBG_032;2;2;1;2;2;.;WT;del-2C-WT;;;;;
RBG_033;2;2;2;2;2;.;WT;WT;;;;;
RBG_034;2;2;2;2;2;.;WT;WT;;;;;
RBG_035;2;2;2;2;2;.;WT;WT;;;;;
RBG_036;2;2;2;2;2;.;WT;WT;;;;;
RBG_037;2;2;1;2;2;.;WT;del-2C-WT;;;;;
RBG_038;2;2;2;2;2;.;WT;WT;;;;;
RBG_039;2;2;1;2;2;.;WT;del-2C-WT;;;;;
RBG_040;2;2;1;1;2;.;WT;del-2C3B-WT;;;;;
RBG_041;2;2;2;2;2;.;WT;WT;;;;;
RBG_042;2;2;2;2;2;.;WT;WT;;;;;
RBG_043;2;2;2;2;2;.;WT;WT;;;;;
RBG_044;2;2;2;2;2;.;WT;WT;;;;;
RBG_045;2;2;2;2;2;.;WT;WT;;;;;
RBG_046;2;2;1;3;2;.;del-2C-WT;dup-3B-WT;;;;;
RBG_047;2;3;2;2;2;.;WT;dup-3A-WT;;;;;
RBG_048;2;2;1;2;2;.;WT;del-2C-WT;;;;;
RBG_049;2;2;2;2;2;.;WT;WT;;;;;
RBG_050;2;2;1;2;2;.;WT;del-2C-WT;;;;;
RBG_051;2;2;1;2;2;.;WT;del-2C-WT;;;;;
RBG_052;2;2;1;2;2;.;WT;del-2C-WT;;;;;
RBG_053;2;2;2;2;2;.;WT;WT;;;;;
RBG_054;2;2;2;2;2;.;WT;WT;;;;;
RBG_055;2;2;1;2;2;.;WT;del-2C-WT;;;;;
RBG_056;2;2;2;2;2;.;WT;WT;;;;;
RBG_057;2;2;2;2;2;.;WT;WT;;;;;
RBG_058;2;2;2;2;2;.;WT;WT;;;;;
RBG_059;2;2;1;2;2;.;WT;del-2C-WT;;;;;
RBG_060;2;2;1;2;2;.;WT;del-2C-WT;;;;;
RBG_061;2;3;3;2;2;.;dup-3A-WT;dup-2C-WT;;;;;
RBG_062;2;2;0;2;2;.;del-2C-WT;del-2C-WT;;;;;
RBG_063;2;2;1;2;2;.;WT;del-2C-WT;;;;;
RBG_064;2;2;2;2;2;.;WT;WT;;;;;
RBG_065;2;2;1;2;2;.;WT;del-2C-WT;;;;;
RBG_066;2;2;2;2;2;.;WT;WT;;;;;
RBG_067;2;2;1;2;2;.;WT;del-2C-WT;;;;;
RBG_068;2;2;1;2;2;.;WT;del-2C-WT;;;;;
RBG_069;2;2;2;2;2;.;WT;WT;;;;;
RBG_070;2;2;1;2;2;.;WT;del-2C-WT;;;;;
RBG_071;2;2;2;2;2;.;WT;WT;;;;;
RBG_072;2;2;1;2;2;.;WT;del-2C-WT;;;;;
RBG_073;2;2;1;2;2;.;WT;del-2C-WT;;;;;
RBG_074;2;3;2;3;2;.;dup-3A-WT;dup-3B-WT;;;;;
RBG_075;2;2;0;1;2;.;del-2C-WT;del-2C3B-WT;;;;;
RBG_076;2;3;0;1;2;.;dup-3A-del2C-WT;del-2C3B-WT;;;;;
RBG_077;2;5;2;1;2;.;variable;variable;;;;;
RBG_078;2;3;2;3;2;.;dup-3A-WT;dup-3B-WT;;;;;
RBG_079;2;2;3;2;2;.;WT;dup-2C-WT;;;;;
RBG_080;2;3;2;2;2;.;WT;dup-3A-WT;;;;;
RBG_081;2;2;1;1;2;.;WT;del-2C3B-WT;;;;;
RBG_082;2;2;2;2;2;.;WT;WT;;;;;
RBG_083;2;2;2;2;2;.;WT;WT;;;;;
RBG_084;2;2;1;2;2;.;WT;del-2C-WT;;;;;
RBG_085;2;2;2;2;2;.;WT;WT;;;;;
RBG_086;2;2;2;3;2;.;WT;dup-3B-WT;;;;;
RBG_087;2;3;2;2;2;.;WT;dup-3A-WT;;;;;
RBG_088;2;2;1;2;2;.;WT;del-2C-WT;;;;;
RBG_089;2;2;1;2;2;.;WT;del-2C-WT;;;;;
RBG_090;2;2;2;2;2;.;WT;WT;;;;;
RBG_091;2;2;1;2;2;.;WT;del-2C-WT;;;;;
RBG_092;2;2;2;2;2;.;WT;WT;;;;;
RBG_093;2;2;2;2;2;.;WT;WT;;;;;
RBG_094;2;2;2;2;2;.;WT;WT;;;;;
RBG_095;2;3;3;2;2;.;dup-3A-WT;dup-2C-WT;;;;;
RBG_096;2;2;1;2;2;.;WT;del-2C-WT;;;;;
RBG_097;2;2;2;2;2;.;WT;WT;;;;;
RBG_098;2;2;2;2;2;.;WT;WT;;;;;
RBG_099;2;3;2;2;2;.;WT;dup-3A-WT;;;;;
RBG_100;2;2;2;2;2;.;WT;WT;;;;;
RBG_101;2;2;1;2;2;.;WT;del-2C-WT;;;;;
RBG_102;2;2;2;2;2;.;WT;WT;;;;;
RBG_103;2;2;2;2;2;.;WT;WT;;;;;
RBG_104;2;2;1;2;2;.;WT;del-2C-WT;;;;;
RBG_105;2;2;2;2;2;.;WT;WT;;;;;
RBG_106;2;2;2;2;2;.;WT;WT;;;;;
RBG_107;2;3;1;1;2;.;dup-3A-WT;del-2C3B-WT;;;;;
RBG_108;2;3;1;2;2;.;del-2C-WT;dup-3A-WT;;;;;
RBG_109;2;2;2;2;2;.;WT;WT;;;;;
RBG_110;2;2;2;2;2;.;WT;WT;;;;;
RBG_111;2;2;2;2;2;.;WT;WT;;;;;
RBG_112;2;2;2;2;2;.;WT;WT;;;;;
RBG_113;2;2;2;2;2;.;WT;WT;;;;;
RBG_114;2;2;2;2;2;.;WT;WT;;;;;
RBG_115;2;2;2;2;2;.;WT;WT;;;;;
RBG_116;2;2;2;1;2;.;WT;del-3B-WT;;;;;
RBG_117;2;2;2;2;2;.;WT;WT;;;;;
RBG_118;2;2;2;2;2;.;WT;WT;;;;;
RBG_119;2;2;1;2;2;.;WT;del-2C-WT;;;;;
RBG_120;2;2;2;2;2;.;WT;WT;;;;;
RBG_121;2;2;1;1;2;.;WT;del-2C3B-WT;;;;;
RBG_122;2;2;1;2;2;.;WT;del-2C-WT;;;;;
RBG_123;2;2;2;2;2;.;WT;WT;;;;;
RBG_124;2;2;2;3;2;.;WT;dup-3B-WT;;;;;
RBG_125;2;2;1;2;2;.;WT;del-2C-WT;;;;;
RBG_126;2;2;2;2;2;.;WT;WT;;;;;
RBG_127;2;2;2;2;2;.;WT;WT;;;;;
RBG_128;2;2;0;2;2;.;del-2C-WT;del-2C-WT;;;;;
RBG_129;2;2;2;2;2;.;WT;WT;;;;;
RBG_130;2;2;1;1;2;.;WT;del-2C3B-WT;FCGR3B*0N.01;;;;
RBG_131;2;2;2;2;2;.;WT;WT;;;;;
RBG_132;2;2;2;2;2;.;WT;WT;;;;;
RBG_133;2;2;1;2;2;.;WT;del-2C-WT;;;;;
RBG_134;2;2;2;2;2;.;WT;WT;;;;;
RBG_135;2;2;2;3;2;.;WT;dup-3B-WT;;;;;
RBG_136;2;2;2;2;2;.;WT;WT;;;;;
RBG_137;2;3;2;2;2;.;WT;dup-3A-WT;;;;;
RBG_138;2;3;2;2;2;.;WT;dup-3A-WT;;;;;
RBG_139;2;2;1;1;2;.;WT;del-2C3B-WT;FCGR3B*0N.01;;;;
RBG_140;2;2;2;2;2;.;WT;WT;;;;;
RBG_141;2;2;2;2;2;.;WT;WT;;;;;
RBG_142;2;2;2;3;2;.;WT;dup-3B-WT;;;;;
RBG_143;2;2;3;2;2;.;WT;dup-2C-WT;;;;;
RBG_144;2;2;2;2;2;.;WT;WT;;;;;
RBG_145;2;1;2;2;2;.;WT;del-3A-WT;;;;;
RBG_146;2;2;2;2;2;.;WT;WT;;;;;
RBG_147;2;2;1;2;2;.;WT;del-2C-WT;;;;;
RBG_148;2;2;2;3;2;.;WT;dup-3B-WT;;;;;
RBG_149;2;2;1;1;2;.;WT;del-2C3B-WT;;;;;
RBG_150;2;2;2;2;2;.;WT;WT;;;;;
RBG_151;2;2;2;2;2;.;WT;WT;;;;;
RBG_152;2;2;2;2;2;.;WT;WT;;;;;
RBG_153;2;2;0;2;2;.;del-2C-WT;del-2C-WT;;;;;
RBG_154;2;2;0;2;2;.;del-2C-WT;del-2C-WT;;;;;
RBG_155;2;3;1;1;2;.;dup-3A-WT;del-2C3B-WT;;;;;
RBG_156;2;2;1;2;2;.;WT;del-2C-WT;;;;;
RBG_157;2;2;2;2;2;.;WT;WT;;;;;
RBG_158;2;2;1;1;2;.;WT;del-2C3B-WT;;;;;
RBG_159;2;2;2;2;2;.;WT;WT;;;;;
RBG_160;2;2;2;2;2;.;WT;WT;;;;;
RBG_161;2;2;1;2;2;.;WT;del-2C-WT;;;;;
RBG_162;2;3;2;2;2;.;WT;dup-3A-WT;;;;;
RBG_163;2;2;2;2;2;.;WT;WT;;;;;
RBG_164;2;2;2;2;2;.;WT;WT;;;;;
RBG_165;2;2;1;2;2;.;WT;del-2C-WT;;;;;
RBG_166;2;2;2;2;2;.;WT;WT;;;;;
RBG_167;2;2;1;2;2;.;WT;del-2C-WT;;;;;
RBG_168;2;2;2;2;2;.;WT;WT;;;;;
RBG_169;2;2;2;2;2;.;WT;WT;;;;;
RBG_170;2;2;1;2;2;.;WT;del-2C-WT;;;;;
RBG_171;2;2;1;1;2;.;WT;del-2C3B-WT;;;;;
RBG_172;2;2;1;1;2;.;WT;del-2C3B-WT;;;;;
RBG_173;2;2;1;2;2;.;WT;del-2C-WT;;;;;
RBG_174;2;2;0;2;2;.;del-2C-WT;del-2C-WT;;;;;
RBG_175;2;2;1;2;2;.;WT;del-2C-WT;;;;;
RBG_176;2;2;1;2;2;.;WT;del-2C-WT;;;;;
RBG_177;2;2;1;1;2;.;WT;del-2C3B-WT;;;;;
RBG_178;2;2;2;2;2;.;WT;WT;;;;;
RBG_179;2;2;2;2;2;.;WT;WT;;;;;
RBG_180;2;2;2;2;2;.;WT;WT;;;;;
RBG_181;2;2;2;2;2;.;WT;WT;;;;;
RBG_182;2;2;2;2;2;.;WT;WT;;;;;
RBG_183;2;2;2;2;2;.;WT;WT;;;;;
RBG_184;2;2;2;2;2;.;WT;WT;;;;;
RBG_185;2;2;2;2;2;.;WT;WT;;;;;
RBG_186;2;1;2;3;2;.;del-3A-WT;dup-3B-WT;;;;;
RBG_187;2;2;1;1;2;.;WT;del-2C3B-WT;;;;;
RBG_188;2;2;1;2;2;.;WT;del-2C-WT;;;;;
RBG_189;2;2;1;1;2;.;WT;del-2C3B-WT;;;;;
RBG_190;2;2;2;2;2;.;WT;WT;;;;;
RBG_191;2;2;2;2;2;.;WT;WT;;;;;
RBG_192;2;2;2;2;2;.;WT;WT;;;;;
RBG_193;2;2;2;2;2;.;WT;WT;;;;;
RBG_194;2;2;2;2;2;.;WT;WT;;;;;
RBG_195;2;2;2;2;2;.;WT;WT;;;;;
RBG_196;2;2;1;2;2;.;WT;del-2C-WT;;;;;
RBG_197;2;2;2;2;2;.;WT;WT;;;;;
RBG_198;2;2;2;2;2;.;WT;WT;;;;;
RBG_199;2;2;2;2;2;.;WT;WT;;;;;
RBG_200;2;2;1;2;2;.;WT;del-2C-WT;;;;;
RBG_201;2;2;2;2;2;.;WT;WT;;;;;
RBG_202;2;2;2;2;2;.;WT;WT;;;;;
RBG_203;2;2;1;2;2;.;WT;del-2C-WT;;;;;
RBG_204;2;2;2;2;2;.;WT;WT;;;;;
RBG_205;2;2;2;3;2;.;WT;dup-3B-WT;;;;;
RBG_206;2;2;2;2;2;.;WT;WT;;;;;
RBG_207;2;2;2;3;2;.;WT;dup-3B-WT;;;;;
RBG_208;2;2;2;2;2;.;WT;WT;;;;;
RBG_209;2;2;1;1;2;.;WT;del-2C3B-WT;FCGR3B*0N.01;;;;
RBG_210;2;2;2;2;2;.;WT;WT;;;;;
RBG_211;2;2;1;1;2;.;WT;del-2C3B-WT;FCGR3B*0N.01;;;;
RBG_212;2;2;1;2;2;.;WT;del-2C-WT;;;;;
RBG_214;2;2;2;2;2;.;WT;WT;;;;;
RBG_215;2;2;1;2;2;.;WT;del-2C-WT;;;;;
RBG_216;2;2;2;2;2;.;WT;WT;;;;;
RBG_217;2;2;2;2;2;.;WT;WT;;;;;
RBG_218;2;2;1;2;2;.;WT;del-2C-WT;;;;;
RBG_219;2;2;2;2;2;.;WT;WT;;;;;
RBG_220;2;2;2;3;2;.;WT;dup-3B-WT;;;;;
RBG_221;2;2;1;2;2;.;WT;del-2C-WT;;;;;
RBG_222;2;2;2;2;2;.;WT;WT;;;;;
RBG_223;2;2;2;2;2;.;WT;WT;;;;;
RBG_224;2;2;1;3;2;.;del-2C-WT;dup-3B-WT;;;;;
RBG_225;2;2;1;2;2;.;WT;del-2C-WT;;;;;
RBG_226;2;2;1;1;2;.;WT;del-2C3B-WT;FCGR3B*0N.01;;;;
RBG_227;2;2;2;2;2;.;WT;WT;;;;;
RBG_228;2;2;2;2;2;.;WT;WT;;;;;
RBG_229;2;3;2;2;2;.;WT;dup-3A-WT;;;;;
RBG_230;2;2;2;3;2;.;WT;dup-3B-WT;;;;;
RBG_231;2;3;2;2;2;.;WT;dup-3A-WT;;;;;
RBG_232;2;2;2;3;2;.;WT;dup-3B-WT;;;;;
RBG_233;2;2;2;2;2;.;WT;WT;;;;;
RBG_234;2;2;2;2;2;.;WT;WT;;;;;
RBG_235;2;2;2;3;2;.;WT;dup-3B-WT;;;;;
RBG_236;2;2;2;2;2;.;WT;WT;;;;;
RBG_237;2;1;1;2;2;.;del-2C-WT;del-3A-WT;;;;;
RBG_238;2;2;2;2;2;.;WT;WT;;;;;
RBG_239;2;2;1;2;2;.;WT;del-2C-WT;;;;;
RBG_240;2;2;1;2;2;.;WT;del-2C-WT;;;;;
RBG_241;2;2;2;2;2;.;WT;WT;;;;;
RBG_243;2;2;1;2;2;.;WT;del-2C-WT;;;;;
RBG_244;2;2;2;2;2;.;WT;WT;;;;;
RBG_245;2;2;3;3;2;.;dup-2C-WT;dup-3B-WT;;;;;
RBG_246;2;2;2;2;2;.;WT;WT;;;;;
RBG_247;2;2;1;1;2;.;WT;del-2C3B-WT;;;;;
RBG_248;2;2;2;2;2;.;WT;WT;;;;;
RBG_249;2;1;1;2;2;.;del-2C-WT;del-3A-WT;;;;;
RBG_250;2;2;2;3;2;.;WT;dup-3B-WT;;;;;
RBG_251;2;3;1;2;2;.;del-2C-WT;dup-3A-WT;;;;;
RBG_252;2;2;2;2;2;.;WT;WT;;;;;
RBG_253;2;2;1;2;2;.;WT;del-2C-WT;;;;;
RBG_254;2;2;2;2;2;.;WT;WT;;;;;
RBG_255;2;2;2;2;2;.;WT;WT;;;;;
RBG_256;2;2;1;2;2;.;WT;del-2C-WT;;;;;
RBG_257;2;2;2;2;2;.;WT;WT;;;;;
RBG_258;2;2;2;2;2;.;WT;WT;;;;;
RBG_259;2;2;0;2;2;.;del-2C-WT;del-2C-WT;;;;;
RBG_260;2;4;2;2;2;.;dup-3A-WT;dup-3A-WT;;;;;
RBG_261;2;2;2;2;2;.;WT;WT;;;;;
RBG_262;2;2;1;2;2;.;WT;del-2C-WT;;;;;
RBG_263;2;2;2;2;2;.;WT;WT;;;;;
RBG_264;2;2;2;2;2;.;WT;WT;;;;;
RBG_265;2;2;1;2;2;.;WT;del-2C-WT;;;;;
RBG_266;2;2;1;2;2;.;WT;del-2C-WT;;;;;
RBG_267;2;2;2;3;2;.;WT;dup-3B-WT;;;;;
RBG_268;2;2;2;2;2;.;WT;WT;;;;;
RBG_269;2;2;1;2;2;.;WT;del-2C-WT;;;;;
RBG_270;2;3;2;2;2;.;WT;dup-3A-WT;;;;;
RBG_271;2;2;2;3;2;.;WT;dup-3B-WT;;;;;
RBG_272;2;2;1;2;2;.;WT;del-2C-WT;;;;;
RBG_273;2;2;1;2;2;.;WT;del-2C-WT;;;;;
RBG_274;2;3;2;2;2;.;WT;dup-3A-WT;;;;;
RBG_275;2;2;1;2;2;.;WT;del-2C-WT;;;;;
RBG_276;2;2;1;2;2;.;WT;del-2C-WT;;;;;
RBG_277;2;2;2;2;2;.;WT;WT;;;;;
RBG_278;2;2;1;2;2;.;WT;del-2C-WT;;;;;
RBG_279;2;2;2;2;2;.;WT;WT;;;;;
RBG_280;2;2;1;2;2;.;WT;del-2C-WT;;;;;
RBG_281;2;2;2;2;2;.;WT;WT;;;;;
RBG_282;2;2;2;2;2;.;WT;WT;;;;;
RBG_283;2;2;2;2;2;.;WT;WT;;;;;
RBG_284;2;2;2;2;2;.;WT;WT;;;;;
RBG_285;2;2;2;2;2;.;WT;WT;;;;;
RBG_286;2;2;2;2;2;.;WT;WT;;;;;
RBG_287;2;2;2;2;2;.;WT;WT;;;;;
RBG_288;2;2;1;3;2;.;del-2C-WT;dup-3B-WT;;;;;
RBG_289;2;2;1;3;2;.;del-2C-WT;dup-3B-WT;;;;;
RBG_290;2;2;2;2;2;.;WT;WT;;;;;
RBG_291;2;2;2;2;2;.;WT;WT;;;;;
RBG_292;2;2;2;2;2;.;WT;WT;;;;;
RBG_293;2;2;2;2;2;.;WT;WT;;;;;
RBG_294;2;2;2;2;2;.;WT;WT;;;;;
RBG_295;2;2;2;2;2;.;WT;WT;;;;;
RBG_296;2;2;1;2;2;.;WT;del-2C-WT;;;;;
RBG_297;2;2;2;2;2;.;WT;WT;;;;;
RBG_298;2;2;2;2;2;.;WT;WT;;;;;
RBG_299;2;2;0;1;2;.;del-2C-WT;del-2C3B-WT;FCGR3B*0N.01;;;;
RBG_300;2;2;2;2;2;.;WT;WT;;;;;
RBG_301;2;2;2;2;2;.;WT;WT;;;;;
RBG_302;2;2;2;3;2;.;WT;dup-3B-WT;;;;;
RBG_303;2;2;2;2;2;.;WT;WT;;;;;
RBG_304;2;2;2;2;2;.;WT;WT;;;;;
RBG_306;2;2;2;2;2;.;WT;WT;;;;;
RBG_307;2;2;1;1;2;.;WT;del-2C3B-WT;;;;;
RBG_308;2;2;2;2;2;.;WT;WT;;;;;
RBG_309;2;2;1;2;2;.;WT;del-2C-WT;;;;;
RBG_310;2;2;1;3;2;.;del-2C-WT;dup-3B-WT;;;;;
RBG_311;2;2;1;2;2;.;WT;del-2C-WT;;;;;
RBG_312;2;2;1;2;2;.;WT;del-2C-WT;;;;;
RBG_313;2;2;2;2;2;.;WT;WT;;;;;
RBG_314;2;2;0;1;2;.;del-2C-WT;del-2C3B-WT;;;;;
RBG_315;2;2;2;2;2;.;WT;WT;;;;;
RBG_316;2;2;2;2;2;.;WT;WT;;;;;
RBG_317;2;2;3;3;2;.;dup-2C-WT;dup-3B-WT;;;;;
RBG_318;2;2;2;2;2;.;WT;WT;;;;;
RBG_319;2;2;2;2;2;.;WT;WT;;;;;
RBG_320;2;2;1;2;2;.;WT;del-2C-WT;;;;;
RBG_321;2;2;1;2;2;.;WT;del-2C-WT;;;;;
RBG_322;2;3;2;1;2;.;variable;del-2C3B-WT;FCGR3B*0N.01;;;;
RBG_323;2;2;2;2;2;.;WT;WT;;;;;
RBG_324;2;2;2;2;2;.;WT;WT;;;;;
RBG_325;2;2;2;3;2;.;WT;dup-3B-WT;;;;;
RBG_326;2;2;2;2;2;.;WT;WT;;;;;
RBG_327;2;2;1;2;2;.;WT;del-2C-WT;;;;;
RBG_328;2;2;2;2;2;.;WT;WT;;;;;
RBG_329;2;2;1;2;2;.;WT;del-2C-WT;;;;;
RBG_330;2;2;2;2;2;.;WT;WT;;;;;
RBG_331;2;2;3;3;2;.;dup-2C-WT;dup-3B-WT;;;;;
RBG_332;2;2;2;2;2;.;WT;WT;;;;;
RBG_333;2;1;1;2;2;.;del-2C-WT;del-3A-WT;;;;;
RBG_334;2;2;1;2;2;.;WT;del-2C-WT;;;;;
RBG_335;2;2;1;2;2;.;WT;del-2C-WT;;;;;
RBG_336;2;2;0;2;2;.;del-2C-WT;del-2C-WT;;;;;
RBG_337;2;2;2;1;2;.;WT;del-3B-WT;;;;;
RBG_338;2;2;1;2;2;.;WT;del-2C-WT;;;;;
RBG_339;2;2;1;2;2;.;WT;del-2C-WT;;;;;
RBG_340;2;2;2;2;2;.;WT;WT;;;;;
RBG_341;2;2;1;2;2;.;WT;del-2C-WT;;;;;
RBG_342;2;2;2;2;2;.;WT;WT;;;;;
RBG_344;2;2;1;3;2;.;del-2C-WT;dup-3B-WT;;;;;
RBG_345;2;2;1;2;2;.;WT;del-2C-WT;;;;;
RBG_346;2;4;2;2;2;.;dup-3A-WT;dup-3A-WT;;;;;
RBG_347;2;2;2;2;2;.;WT;WT;;;;;
RBG_348;2;3;2;2;2;.;WT;dup-3A-WT;;;;;
RBG_349;2;2;2;2;2;.;WT;WT;;;;;
RBG_350;2;2;2;2;2;.;WT;WT;;;;;
RBG_351;2;2;1;1;2;.;WT;del-2C3B-WT;FCGR3B*0N.02;;;;
RBG_352;2;2;1;1;2;.;WT;del-2C3B-WT;;;;;
RBG_353;2;2;2;2;2;.;WT;WT;;;;;
RBG_355;2;3;1;1;2;.;dup-3A-WT;del-2C3B-WT;FCGR3B*0N.01;;;;
RBG_356;2;2;2;2;2;.;WT;WT;;;;;
RBG_357;2;2;2;2;2;.;WT;WT;;;;;
RBG_358;2;2;2;2;2;.;WT;WT;;;;;
RBG_359;2;2;2;2;2;.;WT;WT;;;;;
RBG_360;2;2;2;2;2;.;WT;WT;;;;;
RBG_361;2;2;2;2;2;.;WT;WT;;;;;
RBG_362;2;2;2;2;2;.;WT;WT;;;;;
RBG_363;2;2;2;2;2;.;WT;WT;;;;;
RBG_364;2;2;1;2;2;.;WT;del-2C-WT;;;;;
RBG_365;2;2;2;2;2;.;WT;WT;;;;;
RBG_366;2;2;2;2;2;.;WT;WT;;;;;
RBG_367;2;2;2;2;2;.;WT;WT;;;;;
RBG_368;2;2;2;2;2;.;WT;WT;;;;;
RBG_369;2;2;2;2;2;.;WT;WT;;;;;
RBG_370;2;2;0;2;2;.;del-2C-WT;del-2C-WT;;;;;
RBG_371;2;2;2;3;2;.;WT;dup-3B-WT;;;;;
RBG_372;2;4;3;2;2;.;variable;variable;;;;;
RBG_373;2;3;2;2;2;.;WT;dup-3A-WT;;;;;
RBG_374;2;2;1;2;2;.;WT;del-2C-WT;;;;;
RBG_375;2;2;1;2;2;.;WT;del-2C-WT;;;;;
RBG_376;2;2;2;2;2;.;WT;WT;;;;;
RBG_377;2;2;1;2;2;.;WT;del-2C-WT;;;;;
RBG_378;2;2;2;3;2;.;WT;dup-3B-WT;;;;;
RBG_379;2;2;2;3;2;.;WT;dup-3B-WT;;;;;
RBG_380;2;2;1;2;2;.;WT;del-2C-WT;;;;;
RBG_381;2;2;2;2;2;.;WT;WT;;;;;
RBG_382;2;2;2;2;2;.;WT;WT;;;;;
RBG_383;2;2;1;2;2;.;WT;del-2C-WT;;;;;
RBG_384;2;2;1;2;2;.;WT;del-2C-WT;;;;;
RBG_385;2;2;1;2;2;.;WT;del-2C-WT;;;;;
RBG_386;2;2;1;2;2;.;WT;del-2C-WT;;;;;
RBG_387;2;2;2;2;2;.;WT;WT;;;;;
RBG_388;2;2;2;2;2;.;WT;WT;;;;;
RBG_389;2;2;2;2;2;.;WT;WT;;;;;
RBG_390;2;2;1;2;2;.;WT;del-2C-WT;;;;;
RBG_391;2;2;2;2;2;.;WT;WT;;;;;
RBG_392;2;2;2;2;2;.;WT;WT;;;;;
RBG_393;2;2;2;2;2;.;WT;WT;;;;;
RBG_394;2;2;2;2;2;.;WT;WT;;;;;
RBG_395;2;2;2;2;2;.;WT;WT;;;;;
RBG_396;2;2;2;2;2;.;WT;WT;;;;;
RBG_397;2;2;2;2;2;.;WT;WT;;;;;
RBG_398;2;2;1;2;2;.;WT;del-2C-WT;;;;;
RBG_399;2;2;1;2;2;.;WT;del-2C-WT;;;;;
RBG_400;2;2;2;2;2;.;WT;WT;;;;;
RBG_401;2;2;2;2;2;.;WT;WT;;;;;
RBG_402;2;2;1;2;2;.;WT;del-2C-WT;;;;;
RBG_403;2;2;1;2;2;.;WT;del-2C-WT;;;;;
RBG_404;2;2;2;2;2;.;WT;WT;;;;;
RBG_405;2;2;2;2;2;.;WT;WT;;;;;
RBG_406;2;2;2;2;2;.;WT;WT;;;;;
RBG_407;2;2;2;2;2;.;WT;WT;;;;;
RBG_408;2;3;1;1;2;.;dup-3A-WT;del-2C3B-WT;;;;;
RBG_409;2;2;1;1;2;.;WT;del-2C3B-WT;;;;;
RBG_410;2;2;2;2;2;.;WT;WT;;;;;
RBG_411;2;2;1;2;2;.;WT;del-2C-WT;;;;;
RBG_412;2;2;0;1;2;.;del-2C-WT;del-2C3B-WT;;;;;
RBG_413;2;2;2;2;2;.;WT;WT;;;;;
RBG_414;2;2;2;2;2;.;WT;WT;;;;;
RBG_415;2;2;2;2;2;.;WT;WT;;;;;
RBG_416;2;2;2;2;2;.;WT;WT;;;;;
RBG_417;2;2;2;3;2;.;WT;dup-3B-WT;;;;;
RBG_418;2;2;2;2;2;.;WT;WT;;;;;
RBG_420;2;2;2;2;2;.;WT;WT;;;;;
RBG_421;2;2;2;2;2;.;WT;WT;;;;;
RBG_422;2;2;2;2;2;.;WT;WT;;;;;
RBG_423;2;2;1;2;2;.;WT;del-2C-WT;;;;;
RBG_425;2;2;1;2;2;.;WT;del-2C-WT;;;;;
RBG_426;2;2;2;2;2;.;WT;WT;;;;;
RBG_427;2;2;1;2;2;.;WT;del-2C-WT;;;;;
RBG_428;2;2;1;2;2;.;WT;del-2C-WT;;;;;
RBG_429;2;2;2;2;2;.;WT;WT;;;;;
RBG_430;2;2;2;2;2;.;WT;WT;;;;;
RBG_431;2;2;1;1;2;.;WT;del-2C3B-WT;;;;;
RBG_432;2;1;1;2;2;.;del-2C-WT;del-3A-WT;;;;;
RBG_434;2;2;1;2;2;.;WT;del-2C-WT;;;;;
RBG_435;2;3;1;1;2;.;dup-3A-WT;del-2C3B-WT;;;;;
RBG_436;2;2;2;2;2;.;WT;WT;;;;;
RBG_437;2;2;2;2;2;.;WT;WT;;;;;
RBG_439;2;2;2;2;2;.;WT;WT;;;;;
RBG_440;2;2;2;2;2;.;WT;WT;;;;;
RBG_441;2;2;1;2;2;.;WT;del-2C-WT;;;;;
RBG_442;2;2;2;2;2;.;WT;WT;;;;;
RBG_443;2;2;2;2;2;.;WT;WT;;;;;
RBG_444;2;3;2;2;2;.;WT;dup-3A-WT;;;;;
RBG_445;2;2;2;2;2;.;WT;WT;;;;;
RBG_446;2;2;2;3;2;.;WT;dup-3B-WT;;;;;
RBG_447;2;2;1;2;2;.;WT;del-2C-WT;;;;;
RBG_448;2;2;1;2;2;.;WT;del-2C-WT;;;;;
RBG_449;2;2;1;2;2;.;WT;del-2C-WT;;;;;
RBG_450;2;2;2;3;2;.;WT;dup-3B-WT;;;;;
RBG_451;2;2;1;1;2;.;WT;del-2C3B-WT;;;;;
RBG_452;2;2;2;2;2;.;WT;WT;;;;;
RBG_453;2;2;1;2;2;.;WT;del-2C-WT;;;;;
RBG_454;2;2;2;2;2;.;WT;WT;;;;;
RBG_455;2;2;1;2;2;.;WT;del-2C-WT;;;;;
RBG_456;2;3;2;2;2;.;WT;dup-3A-WT;;;;;
RBG_457;2;2;2;2;2;.;WT;WT;;;;;
RBG_458;2;2;2;2;2;.;WT;WT;;;;;
RBG_459;2;2;2;2;2;.;WT;WT;;;;;
RBG_460;2;2;1;2;2;.;WT;del-2C-WT;;;;;
RBG_461;2;2;2;2;2;.;WT;WT;;;;;
RBG_462;2;3;2;2;2;.;WT;dup-3A-WT;;;;;
RBG_463;2;2;2;2;2;.;WT;WT;;;;;
RBG_464;2;2;1;2;2;.;WT;del-2C-WT;;;;;
RBG_465;2;2;2;2;2;.;WT;WT;;;;;
RBG_466;2;2;2;2;2;.;WT;WT;;;;;
RBG_467;2;1;0;2;2;.;variable;variable;;;;;
RBG_468;2;3;2;1;2;.;dup-3A-WT;del-3B-WT;;;;;
RBG_469;2;2;2;2;2;.;WT;WT;;;;;
RBG_470;2;2;2;2;2;.;WT;WT;;;;;
RBG_471;2;2;2;3;2;.;WT;dup-3B-WT;;;;;
RBG_472;2;2;0;2;2;.;del-2C-WT;del-2C-WT;;;;;
RBG_473;2;2;2;2;2;.;WT;WT;;;;;
RBG_474;2;2;2;2;2;.;WT;WT;;;;;
RBG_475;2;2;2;2;2;.;WT;WT;;;;;
RBG_476;2;2;1;2;2;.;WT;del-2C-WT;;;;;
RBG_477;2;2;1;2;2;.;WT;del-2C-WT;;;;;
RBG_478;2;2;2;2;2;.;WT;WT;;;;;
RBG_479;2;2;2;2;2;.;WT;WT;;;;;
RBG_480;2;2;1;1;2;.;WT;del-2C3B-WT;;;;;
RBG_481;2;2;0;2;2;.;del-2C-WT;del-2C-WT;;;;;
RBG_482;2;2;2;2;2;.;WT;WT;;;;;
RBG_483;2;2;2;2;2;.;WT;WT;;;;;
RBG_484;2;2;2;2;2;.;WT;WT;;;;;
RBG_485;2;2;2;2;2;.;WT;WT;;;;;
RBG_487;2;2;2;2;2;.;WT;WT;;;;;
RBG_488;2;2;1;2;2;.;WT;del-2C-WT;;;;;
RBG_489;2;2;2;2;2;.;WT;WT;;;;;
RBG_490;2;2;1;2;2;.;WT;del-2C-WT;;;;;
RBG_491;2;3;3;2;2;.;dup-3A-WT;dup-2C-WT;;;;;
RBG_492;2;2;1;1;2;.;WT;del-2C3B-WT;;;;;
RBG_493;2;2;2;2;2;.;WT;WT;;;;;
RBG_494;2;2;2;2;2;.;WT;WT;;;;;
RBG_496;2;2;2;2;2;.;WT;WT;;;;;
RBG_497;2;2;2;2;2;.;WT;WT;;;;;
RBG_498;2;2;2;2;2;.;WT;WT;;;;;
RBG_499;2;2;2;2;2;.;WT;WT;;;;;
RBG_500;2;2;2;2;2;.;WT;WT;;;;;
